Marital status,Application mode,Application order,Course,Daytime/evening attendance,Previous qualification,Previous qualification (grade),Nationality,Mother's qualification,Father's qualification,Mother's occupation,Father's occupation,Admission grade,Displaced,Educational special needs,Debtor,Gender,Scholarship holder,Age at enrollment,International,Unemployment rate,Inflation rate,GDP,sample_index
-0.0009995321673341095,0.07766499003861099,0.0056945541547611354,-0.0004920996783766895,-0.027082631182856857,-0.02566953076981008,0.058126736302510834,0.0,0.04779082208289765,-0.05217178506311029,0.0436992925289087,0.10157479001674802,-0.06418240520404651,-0.014751483937725424,0.0,0.2489596150163561,0.19213194844312967,-0.2928587186476216,0.22407537061488256,0.0,0.08229178785113618,-0.03545988058205694,0.3890777586121112,"(0, 0, 0)"
0.0009433487849310041,0.09429215482901782,0.026131810556398703,0.2141713394864928,-0.020262581226415933,-0.03460472572594881,0.28155266494955866,0.0,0.03237280682194978,0.04973336597904563,0.03965612362138927,0.00684388647787273,0.3724924152251333,0.08595126091502607,0.0,0.21747453805990516,0.2048613151954487,1.0095334095670843,0.17652442886144853,0.0,0.0890999646554701,0.12700365228112787,0.03082530772779137,"(0, 0, 1)"
-0.000922663938254118,-0.04102007784415036,0.010359937907196581,0.2741696843330283,-0.02588489681016654,-0.04161593325436115,-0.019513651991728692,0.0,0.0032313949544914068,-0.051641115453094244,0.028622169638983907,-0.0014043821673840285,-0.22790309764677658,-0.014751483937725424,0.0,0.2412704121414572,0.23949030013754963,-0.3115723308408633,0.26680898780119605,0.0,-0.009971784215886147,0.0796462681889534,0.016105643110349774,"(0, 0, 0)"
-0.010807790190447121,-0.21833658957388252,0.02760428511304781,-0.09981646533589811,-0.02384359983727336,-0.016986922109499574,-0.38757107144454495,0.0,-0.041592547664185985,-0.009902915260754526,-0.019033150151371955,-0.028808882273733617,-0.5716790172015317,-0.01513426105491817,0.0,0.26489094747696074,0.24401858316734434,0.9685219565662555,-0.2818302267137915,0.0,-0.013303335173986852,-0.02784064476378262,0.008704546596854925,"(0, 0, 1)"
-0.013394596260040999,-0.12917425657622517,0.024448426470626144,0.020208977978909387,-0.026199115882627667,-0.0384963984368369,0.20658842864679172,0.0,-0.0021583158697467296,0.0616210844554007,0.03628614905057475,-0.01672386471647769,-0.05813557690475136,-0.054006668999791146,0.0,0.25693007867317647,0.2260106963152066,-0.3679199145175517,-0.5582125142042059,0.0,-0.027484151883982122,-0.05443885407410562,-0.05533542507328093,"(0, 0, 0)"
3.466196358203888e-06,0.02098355217371136,0.023220015657134354,0.0411479486816097,-0.026558815343305467,-0.039561461573466655,0.27852085006423294,0.0,0.09046714546857401,-0.037042826442047955,0.012485480825416744,-0.02021506241057068,0.19708728153957053,-0.05439132276922464,0.0,0.2402709451224655,-0.5787041221465915,-0.3297942606220022,0.27432133186608554,0.0,-0.00010985988890752196,-0.026482604276388884,-0.04103211429901421,"(0, 1, 0)"
-0.01308922863099724,-0.20862698026932777,0.020273718510288745,-0.43970031426637435,-0.019200051371008157,-0.04514633746817708,-0.017186225104378536,0.0,-0.07483212543185801,-0.014416429321281612,-0.015119807475712151,0.0063636775384657085,-0.18270160073181616,0.017852162667550145,0.0,0.2561911945603788,-0.5239800615934656,-0.3554075853386894,0.20868921473040244,0.0,-0.003798486436717212,-0.021572172206360846,-0.227848139423877,"(0, 1, 0)"
0.1190026649320498,-0.034643436674959956,0.029789435493294148,0.5644421913207043,0.2688207674678415,-0.03370870381593704,0.4393131035636179,0.0,0.02266211111447774,-0.0014186696056276559,0.03955025624483824,0.009832271388731897,0.3696782151050866,0.11475045611150562,0.0,0.2647260989015922,0.1290290469257161,-0.32821633568033576,-0.8973015054463758,0.0,-0.03514618968591094,-0.054006408639252185,0.009490732941776514,"(0, 0, 0)"
-0.00918614586815238,0.12270403020083905,0.020528446327662094,0.22560344913974403,-0.027071420545689763,-0.039418664583936336,0.3393513049208559,0.0,-0.015800501379417256,-0.015241707465611399,0.09501376955537126,0.008344758860766887,0.10585254291072488,-0.0536238918825984,0.0,0.2391040250705555,0.17573075456079096,1.0289177735638804,0.27546712722280065,0.0,0.12034926036372781,-0.04775404451880604,-0.016599617232568562,"(0, 0, 1)"
0.003588505468796939,0.07065113532356918,0.014635311977472157,-0.6406254203210119,-0.019666736540384592,-0.03592655232176185,0.07821744159562513,0.0,-0.03528255188837647,-0.011611208454705774,-0.039268639453221114,0.043678709324449304,0.11563422068953515,-0.025152113242074847,0.0,-1.494801842952147,0.22981673806905747,-0.320493851355277,0.3375795409723651,0.0,-0.15552059931214898,0.03313067502807826,-0.20630138143431395,"(1, 0, 0)"
-0.12879615474957973,0.06998398827854543,0.021900851971004158,-0.6686362090159673,0.12990337406750768,-0.02034991394262761,0.05475978791015223,0.0,0.004493433908792212,0.04764114320743829,0.0457978905714117,0.027532643186859787,0.42394410888431594,0.08361811450682581,0.0,0.24018256990704687,0.08336860123090446,-0.20033711291383952,-0.9766753948561382,0.0,0.22221403425326572,-0.013347716894932091,0.023621944040060044,"(0, 0, 0)"
-0.002432682430371642,-0.17674781658221037,0.013075034762732685,0.1475648543285206,-0.022788832555525006,-0.03377181932097301,-0.5309697898826562,0.0,-0.23137704977183604,0.02568312296178192,-0.6539140728372149,-0.18867239341139794,-0.02555169763043523,-0.04667177558876574,0.0,0.24940915799699723,-0.3711641246080399,-0.17496653334004805,-0.7261808735737577,0.0,0.12194959524320438,0.0022364484472200273,-0.03707948431838304,"(0, 1, 0)"
0.09070950072724372,-0.06722187420818955,0.010687589368317277,0.47271286116563715,0.19206952320877463,-0.03514194346964359,0.12552855042973532,0.0,-0.02173687422880903,-0.009004362686537206,-0.021607733899727463,0.017138669015839696,-0.11367469746153802,0.04273323765955865,0.0,-1.340589480381459,0.16252021631691604,-0.3755329023359809,-0.6146626787688001,0.0,-0.0250268347049132,-0.04239242893643677,-0.010030449214391411,"(1, 0, 0)"
0.005151799130253494,-0.034877681285142896,0.0374111416330561,-1.208756391860079,-0.018574539818800986,-0.029400880578905345,0.06652438376098871,0.0,0.015600903421873227,-0.03766578396782279,0.03118499562027864,-0.0005252333823591471,0.015869414329063147,0.038046032623387877,0.0,-1.3150780955515802,-0.6048225692426786,-0.39713564432691784,-0.3966128295415547,0.0,-0.0767564252205193,-0.0742164757149294,-0.047629187330603596,"(1, 1, 0)"
-0.014617757285013794,0.015275396015495062,-0.013305750850122422,0.9476016792294104,-0.022443212675862013,-0.014471728401258589,0.11857800486963242,0.0,-0.07127181942923926,0.015025144810788333,0.05071060737594962,0.009155335552059114,0.06944359647808597,-0.0555267880205065,0.0,0.23016572871711105,0.21906879672780633,0.7183337892661803,-0.8151828270650003,0.0,-0.4186510421778075,0.037939743404276666,0.017966326232999562,"(0, 0, 1)"
0.003285786435008049,0.15536363056162372,-0.00041432894999161364,-0.37419850812293587,-0.02135591785889119,-0.030676934840157627,-0.03376663798699155,0.0,0.06688727379892953,0.011767520965076984,0.034289955296553674,0.03346476565347985,-0.13796264748321846,-0.046315937889739874,0.0,0.26824788126628846,0.30063316841144117,-0.0668915357417427,0.3792000926204491,0.0,-0.07127462535398081,-0.05193465558346361,-0.008718578377738595,"(0, 0, 0)"
3.466196358203888e-06,-0.15649575195740908,0.007246219513472169,0.2069876317458693,-0.03457668259739876,-0.041582547295838594,0.10704691029153764,0.0,0.0404566786182113,1.3526994735002518e-05,-0.00683098077075556,-0.016415933994576335,0.32632315535098316,-0.051375230792909864,0.0,0.25677369806915523,0.24958825868088752,-0.2531518841383513,0.5510581143340096,0.0,-0.024774053955916316,0.0717098136153072,-0.08868362057954073,"(0, 0, 0)"
0.003285786435008049,0.20583803372923284,0.024482875831890853,0.9437590437743347,-0.02135591785889119,-0.030210009599104522,0.13568263699125965,0.0,0.0055555251392070204,0.13740434561274015,0.03405996263725683,0.008709124345332385,-0.021247583695221693,-0.03659985859878361,0.0,0.2039961704146117,0.17882884764112533,0.6211058299452997,0.2871800419408828,0.0,-0.3585661391285248,0.00872381969820708,-0.030780773856677116,"(0, 0, 1)"
-0.000922663938254118,0.11628952785162255,-0.09975809241877868,0.5449910839775112,-0.019081912548281253,-0.04464508388191461,-0.017028169014956802,0.0,0.14912273933179676,-0.012993378802202643,0.024649753896519543,0.05833397509763017,-0.5115956624946557,-0.01513426105491817,0.0,0.2743025507312268,0.20695808004122226,0.7211688157403842,0.28312906199484134,0.0,0.018647555506322532,0.05012003048788756,0.08298419345170259,"(0, 0, 1)"
1.7218650318682192e-05,0.299785592337139,0.009742414564825594,0.07958372874185443,-0.01842207372188568,-0.04457083222456276,-0.34679256490664556,0.0,0.1078522254130803,-0.058434761054813864,0.013542327783070504,-0.020324191339313985,-0.11949567524483427,0.017865574839524924,0.0,0.23818759091198444,-0.6162553356215358,-0.3232548064924777,0.2548761802352965,0.0,-0.012661995755042881,0.05838174110278487,0.04670643785968423,"(0, 1, 0)"
-0.010807790190447121,-0.046044344268739226,0.00852734514977783,-0.9851230406283866,-0.01842207372188568,-0.048421141244471076,0.0441658310231287,0.0,-0.11385761469486169,-0.041159611521288754,0.00720611956086941,0.02288025627611205,-0.11454647329403088,-0.015518914824351668,0.0,0.24587682751007378,0.30849437969271093,-0.31350156308151783,0.2537892434059177,0.0,-0.047830344731919466,-0.038367648408748206,-0.06472874369006604,"(0, 0, 0)"
0.004211916541680694,0.1961442625336349,-0.028291563340462744,0.07051787475356833,-0.02135591785889119,-0.035795609429478646,-0.005957525411504321,0.0,-0.40694916068576276,0.05245370174292475,-0.7852468412905,-0.31233825706876817,-0.06410818326985464,-0.026871707877144217,0.0,0.2231250604148954,-0.44285248711705205,-0.1416995651065372,0.2635363668639911,0.0,0.11338567953091115,-0.0008528022561222314,-0.07362740626558661,"(0, 1, 0)"
-0.013394596260040999,0.22909491314552724,0.022254214289132504,-0.029134869071422143,-0.020262581226415933,-0.06522590419277549,0.005965785966836847,0.0,-0.08355954463128,0.004490179163403809,-0.06682454868918285,0.02768292170483619,-0.08391679108142852,-0.01513426105491817,0.0,0.2463564321026206,0.18898967787157744,-0.31108014574274423,0.5761129816772882,0.0,-0.05702488034730777,-0.0012902950448915361,-0.019979315488599242,"(0, 0, 0)"
-0.000922663938254118,0.2662708246894181,0.007853976299520582,0.6569352715706919,-0.02112320952117443,-0.0445546927023679,-0.012676369270775468,0.0,-0.026224716949509456,-0.04592275763861835,0.03209657469298691,0.0057352592004463075,-0.08124373154481873,-0.014751483937725424,0.0,0.2502756851585582,-0.5238205913128331,-0.33732661996036767,0.31492062283330596,0.0,-0.028669931800104676,-0.045540503174997866,-0.05928303834982216,"(0, 1, 0)"
-0.00912766156718135,0.055708497534506025,0.028003858292941004,-0.40057884161476975,-0.020262581226415933,-0.03843336880207062,0.09601567024132236,0.0,-0.08562340212520211,-0.009615192287601531,0.0623085381090641,0.0027222800557501615,-0.05234038890339434,0.017852162667550145,0.0,0.24159690089989452,-0.5595882735354826,-0.3950414891401306,-0.4384473195846658,0.0,-0.02713127329945564,0.03437914535403252,-0.018337938603945076,"(0, 1, 0)"
0.003588505468796939,0.07025362209882587,0.011161485859192908,-0.45050476073636675,-0.030592973083257674,-0.04119772578589618,0.19095660537248477,0.0,0.06239934483426623,-0.030415003895759584,-0.16701207820093258,-0.11201075200922787,0.46784034903510474,-0.04510849046288058,0.0,0.2631475975457579,-0.43794688453897834,-0.32890139987692235,0.2411702303844504,0.0,-0.1544760324829258,0.06615491638891399,-0.2179322846233845,"(0, 1, 0)"
3.466196358203888e-06,0.08031488451408222,-0.11241823451360687,0.27521611578878946,-0.023497980083338917,-0.03310021946206689,-0.08398077879333869,0.0,0.016353452268522233,0.1424021151510533,-0.011429181275889277,0.03105413132114336,0.2537823525187559,-0.012502822848036886,0.0,0.2594875042419881,-0.43026631833054124,1.0106718097324483,0.3474071178177837,0.0,0.08667235504603013,0.03580778394592926,0.03455368001013994,"(0, 1, 1)"
-0.00918614586815238,0.32152653893921523,-0.3065595640533138,0.09686586187803187,-0.021217535533942282,-0.028913080310449004,0.140948703813483,0.0,-0.07242329945438541,0.1744002073572483,0.10927979107946158,-0.013412761176005006,-0.01605477636796422,-0.03659985859878361,0.0,0.24460687270853668,-0.43143363783136013,-0.254073376248125,0.29926184950978496,0.0,0.1511184086673893,-0.05032071406021714,-0.018260279800742865,"(0, 1, 0)"
0.004605256360955537,-0.2017262586625293,0.03393698723288253,-0.00870272884843871,-0.017247226354666054,-0.04429272074252367,-0.04767540988977999,0.0,0.10719214684795589,-0.013894829698838294,0.01632543847663328,0.010028735352680087,0.00040508621837943794,0.017852162667550145,0.0,0.23690999983809888,-0.537131019118242,1.1749405776220374,0.16863171876524574,0.0,0.06597824410302565,0.04973863476421684,-0.043186907852068544,"(0, 1, 1)"
3.466196358203888e-06,-0.22834607071243226,-0.1543788700760342,-0.2792204896186013,-0.020984827345237135,-0.03169213552959263,-0.013285784004256129,0.0,0.06329788759700022,-0.10024916015099734,0.043897749236784876,-0.005620225304737687,0.16762510453234428,-0.01212004573084414,0.0,0.2638752287393436,0.21871061405166983,-0.2942558527982328,0.5257050454476848,0.0,-0.0018073016311973334,-0.07824731079861522,0.049541734345257285,"(0, 0, 0)"
0.0009433487849310041,0.09292272802907973,0.02504134684451856,0.2486783365102019,-0.020262581226415933,-0.031237500589340925,0.08850568726658821,0.0,0.034790422532241794,-0.04047070636879653,0.026582691876683384,-0.010253540156409145,0.2503203923231922,0.016448646620847284,0.0,0.21635975397191942,0.22802683731541037,1.050510689325165,0.19913376597338356,0.0,0.10084986415458844,0.0552948010340333,-0.0133945421455428,"(0, 0, 1)"
-0.00986790742026642,0.18081418243935332,0.008991667462978511,-0.10560499986750074,-0.01842207372188568,-0.06915129505097867,-0.08780804437818006,0.0,-0.07316658143419773,0.011172275389544666,-0.034047060431912544,-0.018000443140044807,-0.07060941285919398,0.019269090886227788,0.0,0.25026824947446585,0.22798035121988505,-0.2899794327421114,0.34121343277976846,0.0,-0.05980731540592387,0.06089820765191689,0.04750267727300525,"(0, 0, 0)"
-0.000922663938254118,0.12060249902540818,0.015728488105814904,0.11714463196345605,-0.01842207372188568,-0.043950924845412374,-0.09511811217758805,0.0,-0.06915424898965285,-0.011611208454705774,0.03322379090357572,0.017864052101504057,-0.06396415992872789,-0.01513426105491817,0.0,0.2622837965050712,0.2240222259517759,1.007121264419984,0.25908439702470787,0.0,0.136312005398795,0.027807783423922955,0.02418301932513714,"(0, 0, 1)"
0.001995930438861251,0.18973868042696268,0.012813834890257567,-0.4157110058760736,-0.027001120448112488,-0.026157333021983503,0.06799643479986116,0.0,-0.0593446497048717,0.1453219824784901,0.029145448042545468,0.014157339059747755,-0.11185299408389256,-0.046315937889739874,0.0,0.2768797300150618,-0.5211391418473795,-0.10785946776159108,0.27293757249019107,0.0,0.048759643146768214,0.01748044101987034,-0.1866548697091639,"(0, 1, 0)"
-0.013394596260040999,0.15438998802099377,-0.00819041617680341,-0.006363862823927775,-0.03183310783468187,-0.025765677653253077,0.16164729514857754,0.0,0.23438117517274804,-0.0276250921189785,-0.10624802014324813,0.09006718976888806,0.13187047822983003,-0.04510849046288058,0.0,0.25545186560600996,0.2444842256931588,-0.2389394783426542,0.5861625775741414,0.0,-0.0294423153065145,-0.027086022053845228,0.016308065112680195,"(0, 0, 0)"
-0.0019256623019464315,0.1367904077959247,0.03328955709701404,0.024042584575945512,-0.02406727631110698,-0.02893638818524778,-0.0388277201121673,0.0,0.08468067356036045,-0.01592457999009639,0.033736554097849876,0.015623407654929906,-0.07438242830103263,-0.01513426105491817,0.0,0.25922870051115754,0.22992952392902224,-0.2593371398851741,0.24121598423225804,0.0,0.05605329925427213,-0.039889607885852454,0.3210963513236493,"(0, 0, 0)"
0.0018603997770696879,-0.01193793818820268,0.026466704888734968,0.5388671819341835,0.22811176395975052,-0.03323389436118305,-0.38872413940960543,0.0,-0.4387295697443187,0.00924333709757775,-0.6911164916690905,-0.3007977825775743,-0.000985718360170722,0.11308222208637744,0.0,0.2047449447773397,0.19461377206724137,-0.14825147645547987,-0.9078259976755362,0.0,0.5502744363876991,0.03793211768381297,0.008317919122055173,"(0, 0, 0)"
3.466196358203888e-06,-0.1548811903083697,0.024314128931146116,0.6273842138994951,-0.01873629279434681,-0.03832435614429414,0.08297737024724483,0.0,0.00036123593570664526,-0.04813460555393249,0.0273796938941814,0.004061572519131005,0.04924490350997075,-0.014751483937725424,0.0,0.2595748929539695,0.25014775929506866,1.0536442278814502,0.22911219682660885,0.0,0.07600319200893864,-0.0020486089610494674,0.0011009889841079711,"(0, 0, 1)"
-0.01656358586391434,0.049207266329322014,0.00615612338995561,-0.11730558651848697,-0.020795023990795015,0.6952405982348137,-0.19221856737509369,0.0,-0.0243755860440433,-0.006450893124565482,-0.023055939464829863,-0.007907725549302995,0.04387685423018411,-0.024208318963646887,0.0,-1.4181157923862338,-0.46624462661799043,-0.375762214162387,-0.5641578060563188,0.0,0.05618613244965673,0.024171812201384455,0.32430831420235334,"(1, 1, 0)"
-0.010807790190447121,0.17499696304788814,-0.3300635125779081,0.561400530099636,-0.017969472473487257,-0.04622816123068332,-0.1489438353292644,0.0,-0.06698991610901431,-0.015324711655266584,-0.05974950318224728,0.03046264826320112,-0.1278069131576922,-0.012502822848036886,0.0,0.2542235486302525,-0.6394583256868646,-0.3355886936269235,0.5463609471451492,0.0,-0.0012276802002452313,0.028489643272478132,0.19150729639455677,"(0, 1, 0)"
-0.010067544337362051,-0.23981129969237372,0.01479417382972315,0.1653010692622047,-0.017561445427127183,-0.043574510449543594,-0.009569142586551607,0.0,-0.0729162382823415,-0.01888103240635246,-0.002546839606948197,0.0066459806193597615,0.22224348148563877,-0.01513426105491817,0.0,0.2510013669775799,-0.6260495737753808,-0.34219813260249793,0.4201264000684023,0.0,-0.007698475625365972,0.005972551738377661,-0.0657675454672426,"(0, 1, 0)"
-0.010807790190447121,0.12005509368842468,-0.0351516908663325,0.06303037028410471,-0.017969472473487257,-0.04644937838427723,-0.0706920723291114,0.0,-0.061803764556534586,-0.016353597086854278,-0.015847315958235412,-0.011330780824646353,-0.004755190572468564,-0.012502822848036886,0.0,0.2478905118163675,0.2704007558524609,1.1672864481573924,0.5084853015805129,0.0,0.1314274411718361,0.03445686933817342,0.10797497576102615,"(0, 0, 1)"
-0.010807790190447121,0.1487394951819442,0.014578644123394041,0.15183377334033138,-0.02318376101087779,-0.04147347943857312,-0.027323364047333598,0.0,0.0024067959131207316,-0.00825863475445658,0.03190684016677551,0.004746412481181323,-0.06312159770866856,-0.01513426105491817,0.0,0.26444585860241204,0.29976223486009984,-0.29413925781846045,0.270952187437797,0.0,-0.023560816245153545,-0.021723323143087326,-0.05299335149116814,"(0, 0, 0)"
-0.008246263097971678,-0.20339742929441854,0.014920027535408735,0.09443941611913033,-0.02913295987062156,-0.025055346959270537,-0.13311473027104512,0.0,-0.05130789865623228,0.13108317848294973,-0.0492564325639978,0.03743079808540642,0.20755162903806196,0.07705173837486655,0.0,0.24527672676369547,0.2939830487081781,-0.0856684672832489,0.3531477926671505,0.0,0.02209299197420478,0.002770447926595807,-0.04054459131322801,"(0, 0, 0)"
-0.000922663938254118,0.1968719874531962,0.009876574787776917,-0.09560923790209927,-0.01842207372188568,-0.0380568781029433,0.0020518473139964043,0.0,0.0764957777049858,-0.005116907157935202,-0.02230552240042016,0.019103622033726425,0.08990795026998967,-0.0145154054928571,0.0,0.2600903451535851,0.22977804202120752,-0.24834209146210923,0.3430425562337041,0.0,-0.05643466785084456,-0.07585842919070274,0.12236823234707117,"(0, 0, 0)"
1.7218650318682192e-05,0.021419996973127128,0.006751528903841972,0.0056458278687205165,-0.02318376101087779,-0.03928299613296986,0.07120994018856436,0.0,0.07648875617654995,-0.06421670405194163,-0.009217425175011158,0.0007252757670357824,-0.1831080944556743,0.017865574839524924,0.0,0.24620282659772783,0.323636178644374,-0.31331707161385564,0.01682595461723395,0.0,-0.01804097609128803,0.07015956424642354,-0.01395823111757636,"(0, 0, 0)"
-0.013629150779452174,-0.18030705775134265,0.00024377865018323063,0.5174260827770922,0.18250604265835135,-0.03808525647036731,-0.012402931958204135,0.0,-0.041075601108605045,-0.00792877607513219,0.00809478728333488,0.016075592010747642,-0.1298648541024886,0.017852162667550145,0.0,0.2655290281912312,0.26374345100950447,-0.2677118591789622,0.2773374132902245,0.0,-0.042186536020599304,-0.006768018817529082,-0.053485325975343584,"(0, 0, 0)"
0.0009433487849310041,0.2060495450394228,0.020259551617782562,0.2438600302755367,-0.01771391152404249,-0.03888145129196346,0.09544006566517055,0.0,0.05917644733097404,-0.05408252658322454,-0.0034760937187820673,0.04286119164898992,-0.012344405048061162,0.035232119471766056,0.0,-1.3819987744372337,0.21036730672232806,-0.343612957848236,0.5246213661332149,0.0,-0.029255055924877524,-0.0007349976245313882,-0.009934497233480215,"(1, 0, 0)"
-0.00533884740434587,0.01993271003011614,0.02911265443312004,-0.011731743562268093,-0.029709457783028484,-0.0036493478529155254,0.283251179670915,0.0,-0.03885507785715163,-0.0005759392958134413,0.15715781211620197,0.0032688014348968863,0.7461505283671431,-0.054006668999791146,0.0,0.25852238888386636,0.2953329619439319,-0.3134295693924651,0.021884745546849445,0.0,-0.05639570811763406,0.09165689140558243,0.04996032724622637,"(0, 0, 0)"
-0.005362595785409212,0.00606323248706758,0.027709446288645266,0.5156499339092988,0.22671149005647748,-0.0578667507879436,0.05824372223345563,0.0,0.06420878666336648,-0.05215365707408637,0.06345168146770447,-0.014724827804602682,0.11153614712413401,0.03579742672853172,0.0,0.24396104723215103,0.1568928953912109,-0.33608410219661894,-1.063929244291503,0.0,-0.027754518752917647,-0.05877646970096975,-0.016632442446425557,"(0, 0, 0)"
-0.000922663938254118,-0.17524246365763246,0.01972887352341786,0.1007009339472279,-0.02318376101087779,-0.04150142609141767,0.05483819015789777,0.0,0.0482780504564289,-0.00871419274713844,0.025369042437523602,0.012906069229356944,-0.029486700729466974,-0.01513426105491817,0.0,0.24518160815350712,0.2602802320988849,1.0071394034754484,0.2776274536235724,0.0,0.1322700193640776,-0.05628992793150246,-0.02834073449485004,"(0, 0, 1)"
-0.00918614586815238,0.13157237238716335,0.03276274435920641,0.14623276823433115,-0.023497980083338917,-0.03982782162725926,0.06022884222504217,0.0,-0.08111407987657003,-0.01713023886550218,-0.045893250135704874,-0.002396797453984618,0.016155116867739707,-0.01513426105491817,0.0,0.22789772427640856,0.27368418449070303,-0.3351575527759269,0.03915999445249327,0.0,-0.03214897003490478,0.004644476696848869,-0.03826256769709289,"(0, 0, 0)"
-0.010807790190447121,-0.26469344426644964,0.024314128931146116,-0.3016838753374759,-0.021275675618089736,-0.04495286173187196,0.06812774733873084,0.0,-0.04346472588600591,-0.02279760685749352,-0.013218082510866225,-0.009774458636529744,-0.02561903979163617,-0.0247693361248821,0.0,-1.2354998833034188,0.21702201382257044,1.2790375965228304,0.2055563897092361,0.0,0.10990933867637068,0.008315565409138798,0.0011009889841079711,"(1, 0, 1)"
0.0042256690235808496,0.09926371202571317,0.023653294214745983,0.15509177230880597,-0.019081912548281253,-0.04225056387484074,-0.28029705186141657,0.0,-0.037898172793211414,0.13312555866665207,-0.012266757297329605,0.047913258348125966,-0.5066215128195473,0.017852162667550145,0.0,0.2841685368353501,0.21793765912298113,0.8042898595007136,0.24737545994576066,0.0,0.08459818063769489,-0.026454173070378603,-0.09612152096815407,"(0, 0, 1)"
-0.012468140572309494,0.10496539460960776,0.027216178162489085,-0.7986000751296524,0.14386826581321657,-0.03869950856082141,0.5750158200552687,0.0,-0.0527802089531906,0.021604890273883938,0.14022350106621162,0.005412590082269162,0.6904545071837492,0.08595126091502607,0.0,0.25399632366374136,0.13856527290772647,-0.35976183362770825,-0.5726407473895233,0.0,-0.027194533708970993,0.09867421843111515,0.02022047623526305,"(0, 0, 0)"
-0.1656948692118749,0.07299170810263604,0.026704807088244707,0.480326411240967,0.1707078116107732,-0.036913759452290834,0.2924540419061668,0.0,0.02037361934548244,-0.011674410896375775,0.047838768805377185,0.05893372503342107,0.1544826334482059,-0.0524088685400784,0.0,0.25591954328119754,0.14651773476507515,-0.34635519303381446,-0.5659615634536022,0.0,-0.012887066092807799,0.002023610798642039,-0.04570783095434308,"(0, 0, 0)"
-0.005006377445533871,0.15235160724725574,0.022824052843498067,-0.7506177128350828,-0.009934165575541555,-0.06942297243513167,0.08047085937578231,0.0,0.015083191758021712,0.009150518826209009,0.0022960835765115915,0.05615286662708968,-0.0826390837552026,-0.01513426105491817,0.0,0.21221694475971162,0.14618629280012102,1.1026552936364897,0.43240048727951946,0.0,0.029383193606045098,2.7564533520489932e-05,-0.035763569357804954,"(0, 0, 1)"
-0.0015463742217980325,-0.19680756295099855,0.0049504330311901865,0.23959133308497257,-0.017592281103134155,0.5094812728976831,0.16497913694940508,0.0,0.03182006254442968,-0.04926405746024102,2.755144063878106,0.3349716793419793,-0.08186375819146634,0.022038708585314454,0.0,-0.6824136399338022,0.2674756892723963,-0.1995057730656117,0.3325063144171145,0.0,-0.0767185060121119,-0.058803087370470165,0.23906036593485624,"(1, 0, 0)"
0.12492583836894483,-0.08455244192387909,0.025568424405064433,0.06246460448368452,-0.020344730471260845,0.5751738869631663,0.07869468270102516,0.0,-0.035160076287575066,-0.031869652997702363,0.005133532267063856,-0.00604563997592777,0.03832617322914302,0.02292188011109829,0.0,0.2517554489662871,0.1568928953912109,-0.3389271744666621,-1.1263795601608582,0.0,0.10448078865883872,-0.010177674335427583,-0.018197426931001248,"(0, 0, 0)"
1.7218650318682192e-05,-0.26551654825918375,0.0384066080651246,0.6033031525800471,-0.017907065181061624,-0.04351415018551052,-0.4541307753277943,0.0,0.11150438569486142,-0.0562516370927915,0.05353517623152584,0.012203456521965562,-0.267282996752765,0.016448646620847284,0.0,0.2586181745771319,-0.5167347229924053,-0.32250047283712774,-0.3374268399202265,0.0,-0.047575942687690255,0.010022551454603672,-0.016308568357490002,"(0, 1, 0)"
3.466196358203888e-06,0.13453092405106873,0.008094810673501342,-0.9560938348562922,-0.01873629279434681,-0.03901851519010961,0.10094898511888459,0.0,0.16478704719105736,-0.011611208454705774,0.0144204051210545,0.008742761965841055,0.012068558677565306,-0.01513426105491817,0.0,0.25479554805904625,0.2932098697172478,-0.291095727737993,0.4076993362978101,0.0,-0.05796421139733866,0.0787308412976563,0.03703233912587166,"(0, 0, 0)"
-0.010807790190447121,-0.27100798066705467,0.026193385918159038,-0.09445353238028474,-0.01985498844180256,-0.026107412052806468,-0.42466123022371904,0.0,-0.011066541947657242,-0.01475189499091357,-0.023051447208272294,0.018336507328785955,-0.3647223006654531,-0.01513426105491817,0.0,0.25487120330799373,0.15063131213653833,0.9762741811736487,-0.5850499740568921,0.0,-0.08937696844572202,-0.05707333495374769,0.02416094183921814,"(0, 0, 1)"
-0.09959581334143877,-0.18123023985419423,0.025628858690615743,-1.1395505259220955,-0.018172768345102668,-0.05032501773908735,-0.37523302746936676,0.0,0.13836236901115626,-0.05527997746132314,-0.06732008255785331,0.012196903326548636,-0.14335440726950766,-0.02667634521611035,0.0,-1.3314291433803738,-0.5484681150130928,-0.38517167451325807,-0.8716924485785421,0.0,-0.09488933643093332,0.0631515817111358,-0.0542756602820009,"(1, 1, 0)"
-0.010807790190447121,0.1446515448554419,0.010928697583731264,0.1530267140083015,-0.01842207372188568,-0.04461713722907007,-0.08609377759043127,0.0,-0.045469850683584806,-0.01427080055233091,0.03656449848320335,-0.01022399275097996,0.023460420737974344,-0.01513426105491817,0.0,0.2691888328967616,0.2742407906334847,-0.283647884177044,0.33694993172888643,0.0,-0.01758189338259399,0.02536284398753196,0.006521366685628891,"(0, 0, 0)"
-0.000922663938254118,-0.2278731763828546,-0.019956101863645017,-0.16789473018492573,-0.01842207372188568,-0.03562348935753107,0.06243259057868272,0.0,0.04239505665260367,-0.04674746866803616,0.007448189707938582,0.08078060547355563,0.056951595856808125,-0.012887476617470384,0.0,0.2518886088579893,0.23673843987751753,-0.24841570560471155,0.5124131883459632,0.0,-0.04735631763003766,-0.061188226365484294,0.09278080645017325,"(0, 0, 0)"
-0.019878463894128798,-0.04768536963034421,0.01836015238426626,-0.6767026357131545,0.10539158027619124,-0.05770633589476347,0.11008144055958838,0.0,0.12230695292237215,-0.09419295822735876,-0.06684517967980355,0.009439045586623252,0.30690754881245086,-0.02498404768295586,0.0,0.22651910598855465,-0.2528949917387217,-0.34233533140271905,-0.5800093873855076,0.0,-0.052192717888392505,-0.08574006029870361,-0.007637184849008918,"(0, 1, 0)"
-0.01278456992469728,-0.07141159242019057,0.04486827269429341,0.3411899468849879,-0.03143657780252397,-0.04504443642683327,0.06687387452227994,0.0,-0.06655363237834536,-0.011301961415447294,0.07295922548044473,0.015982618597336115,-0.3874258101475425,0.05598441562615335,0.0,-1.4721457726694644,-0.43725035921204836,-0.3162767918081954,-0.7772957878932357,0.0,-0.0486133534880355,0.0387170103052631,-0.037252311669290064,"(1, 1, 0)"
0.004605256360955537,-0.19699306764174251,0.02807069294853136,0.2971142235922162,-0.018316536070778967,-0.037867399267852306,0.022591008393792435,0.0,-0.049022549993824216,0.13620625184266827,0.04791495493147522,0.026757973222993316,-0.19175481635844335,0.017852162667550145,0.0,0.26431848875712605,0.2678223262028769,-0.2907432411843911,0.4780663458176423,0.0,-0.11031443960964679,-0.00179833727190271,-0.025924758124165236,"(0, 0, 0)"
-0.00918614586815238,0.20453894587699323,-0.2720219842297956,-0.045906837752554566,-0.020903316610492766,-0.03309241698123515,-0.05007784898101818,0.0,0.027123259390937165,0.03757422679569572,-0.8254067875386681,0.03207079343497753,-0.08978019894799218,-0.026871707877144217,0.0,0.23055101581849158,0.22512362441048026,-0.19269054888980464,0.20248183874587994,0.0,0.16342114104656502,0.001559771141037345,-0.08400287970900536,"(0, 0, 0)"
0.08463274841662496,0.10014692074153572,0.04268030064180493,0.3251419838843867,-0.03866294078528881,0.00024383960291743278,0.25079240104183553,0.0,0.06502075902651995,0.06504186599515378,0.3145835896790959,0.007768253134563565,0.8852096042782068,0.11475045611150562,0.0,0.2759949393151328,0.17634634958114476,-0.3303257063636556,-0.5060752727495855,0.0,-0.05387505235616118,-0.03239430625922978,0.019627749868668616,"(0, 0, 0)"
-0.0016658985149115323,-0.2341535297804512,-0.17398880960186944,0.6448133448918816,-0.017969472473487257,-0.04278782818466425,0.0006910565518774092,0.0,-0.0033140064775943755,-0.019807818834669887,0.039833851386792955,-0.0010538320522755385,-0.09000016927602701,-0.012502822848036886,0.0,0.23312024435494094,0.2542400360200554,1.1822506186692043,0.4805735801020637,0.0,0.04880340944044292,0.0030610730755142868,-0.04843854194507003,"(0, 0, 1)"
0.1190026649320498,0.039872273271903395,0.016786571524571626,0.1213593532529194,-0.027736704368144273,-0.03384403983131051,-0.12554090507677756,0.0,0.0070899882982485,-0.054628801816143095,-0.022242012766655536,-0.005850231235381215,0.3904142446490005,0.043215423822402954,0.0,-1.5021650948934258,-0.4602289837459102,-0.3584125650068745,-0.565445485090313,0.0,-0.06203977069817483,-0.008873416024725885,0.1466502794995904,"(1, 1, 0)"
-0.006599339824169874,0.21426832670345902,0.030357060411479325,0.14731289804913103,-0.02318376101087779,-0.041100251767784354,0.10093102837214246,0.0,0.011905726249096915,-0.012572006289847195,0.09360986483632587,-0.004205060740932822,-0.084224428802263,-0.01513426105491817,0.0,0.26872038803528997,0.30298084679525344,-0.28201435709837824,0.5343499934824649,0.0,-0.03116542987525463,-0.044301636368036273,-0.056414184137247504,"(0, 0, 0)"
-0.004263142868876457,-0.23698964194394648,-0.015176251700613647,-0.9468338605051394,-0.011109012942761183,-0.06902963523752988,0.03894410509616136,0.0,0.09211468753870576,0.017922916277311744,-0.032238256719429044,-0.012230008170008659,-0.17577604450751097,-0.01513426105491817,0.0,0.24141660353168845,0.18870002845767886,-0.2923095656267833,0.44478285558056085,0.0,-0.07230081024114042,0.09301771320868284,0.03449613984674215,"(0, 0, 0)"
0.003285786435008049,-0.11487738248426467,0.013169323611073196,0.35267637519165873,-0.026117605147883294,-0.024297238676808774,0.01850135960034095,0.0,-0.04372770580346696,0.16881298144697213,-0.004969580401666463,-0.07518627742305398,-0.09107752955053001,-0.046315937889739874,0.0,0.2582620698586106,-0.5970648487191648,-0.10608647482469678,0.264054396051215,0.0,-0.07852932197740302,0.02264799509663135,-0.049342532446607947,"(0, 1, 0)"
1.7218650318682192e-05,0.10417335249716415,0.02279784619109705,0.0947086620668415,-0.018574539818800986,-0.04334203011356294,-0.061250109768006954,0.0,-0.005989644367946312,-0.016181015805341304,0.06594409587793053,0.034444369098637254,-0.07804788422537967,0.03663563551846891,0.0,-1.2743431140016765,0.25972562787123027,-0.31720337077509614,0.0784397134464234,0.0,-0.005185952200554312,-0.012402473734691739,-0.03770553779788315,"(1, 0, 0)"
0.003285786435008049,-0.22899452958256006,0.019856548444367947,0.14186481604818255,-0.02135591785889119,-0.023538365529384465,-0.45113591748056936,0.0,0.140293342868099,-0.14342867685016245,-0.8406439579697326,-0.04216117484495044,-0.019078321049455553,-0.045947694266214964,0.0,0.18268420695327223,-0.34495395005214957,0.6338180808676407,0.008578477830742486,0.0,-0.3966684554098174,-0.050681959758512675,-0.05215994655154645,"(0, 1, 1)"
-0.010807790190447121,0.132021194442641,-0.00438398375408724,-0.0005168018490076065,-0.019081912548281253,-0.04864235839806497,-0.04662141735199839,0.0,-0.08167217046022415,-0.018584172087721527,0.005505779872182756,-0.04417405615560711,-0.33791313303168863,-0.01513426105491817,0.0,0.2812075869739056,0.2579271435597911,-0.19851213969173842,0.33235283840447666,0.0,0.0035629289504140616,0.029272856854368,0.06489498175680637,"(0, 0, 0)"
-0.0019586757384240628,-0.09814211895689368,0.020113400211557747,-1.1589739618322346,-0.018172768345102668,-0.04430532693862915,-0.4554166870820336,0.0,0.09525534964865073,-0.013987412224523724,0.03396428892854601,-0.15774160111323,-0.13516184407053516,0.05598441562615335,0.0,-1.2315903710573912,-0.537957493099384,-0.3821901437873021,-0.8796599084872286,0.0,-0.028631183381658046,0.02620100954081863,-0.04574310740455985,"(1, 1, 0)"
-0.025047018858604133,0.013838064505252988,0.023632521124090998,-0.2095861714228522,-0.02442352207377553,-0.014451131257228553,-0.02099562790361233,0.0,0.16787978625739924,-0.07000062227714807,-0.0033308827108703555,-0.04145589648513123,0.191927558274474,0.05552905380725861,0.0,-1.3209449674375355,-0.5848191423295066,-0.32501083830371497,-0.8193477221354261,0.0,-0.037027354622259735,-0.040625092508271336,0.004104247409850359,"(1, 1, 0)"
0.1359639438567683,-0.03153401645366102,0.0248178546410054,-0.4030212763918098,0.08550919784232974,1.0184868013765662,0.06319581312360242,0.0,0.22124515141360462,-0.08495830363593995,0.05208312751492485,-0.00543871165253222,-0.0006042967643588781,0.02573579326272011,0.0,0.22255449044518172,0.1069438926037401,-0.3538011334184557,-0.9598973229239346,0.0,0.16030736175132915,0.055255442135967316,0.026953892344608904,"(0, 0, 0)"
-0.000922663938254118,-0.20308316038455815,0.010042981586884707,0.14409102024510503,-0.01842207372188568,-0.04238170986063779,-0.015440567972837016,0.0,-0.03814923844765872,0.13045052186003886,-0.024532493418082595,0.007307010316289961,-0.04954004324739799,-0.01513426105491817,0.0,0.25757947702892126,0.2994372254004702,-0.27939085247227924,0.2583476223377511,0.0,-0.018407909371890126,0.019843302133958785,0.10167700028046965,"(0, 0, 0)"
-0.000922663938254118,0.09603848532540724,0.009222516026347875,0.09808162808301858,-0.01842207372188568,-0.044423866728320716,-0.07307096703210846,0.0,-0.07306182216969319,-0.03903098786249757,0.008561088948044925,-0.15367961959680543,-0.1323988948552869,-0.015518914824351668,0.0,0.24873071599751712,-0.6281135126529261,-0.32295494351536036,0.44222887099720537,0.0,0.01944552081404254,-0.024247444812208415,-0.07211010845843703,"(0, 1, 0)"
-0.000922663938254118,0.13526780469110236,-0.07536380282836035,0.10323496787925251,-0.01842207372188568,-0.04190876797772944,-0.039430581771302965,0.0,0.0602643699455075,0.13637227489962242,0.028935177975799888,0.013424863785039633,-0.04263245748123154,-0.012502822848036886,0.0,0.2622837965050712,0.2240222259517759,0.9122643087734468,0.33222439733915965,0.0,0.11024484019726515,0.04963868787046522,0.010289874970912933,"(0, 0, 1)"
-0.013394596260040999,0.13989544240524993,0.01233830054057762,0.22295682179392315,-0.01842207372188568,-0.04301578969694674,-0.06525288772303611,0.0,-0.05009117257432081,-0.04203889009542763,-0.0015478674566838891,-0.0060343135753646495,-0.10687434047693387,-0.005035404646769166,0.0,0.25479554805904625,0.2696429376443848,-0.2634054290887434,0.3874801045609638,0.0,-0.009995714235119522,-0.014325390099547803,-0.04013444921001792,"(0, 0, 0)"
-0.010067544337362051,0.10588268344756216,0.013492646098602562,0.11619796572136692,-0.017561445427127183,-0.036239459570497276,0.10114071152172982,0.0,-0.10269563747337088,0.15197716318420135,0.07648225092096254,0.008005873712245376,-0.00045689739519730213,-0.01513426105491817,0.0,0.2691888328967616,0.271767300684005,-0.2854411340272054,0.5631768497929442,0.0,0.019122516689822077,0.004387805880978704,-0.05657693104352802,"(0, 0, 0)"
-0.000922663938254118,-0.2483742779958993,0.011178102518897504,-0.17009401133633217,-0.01842207372188568,-0.0380568781029433,0.004771996764466166,0.0,0.057175959373125806,-0.12339385280851274,0.014147211362142116,0.00023875935468822718,-0.17025519597809763,-0.014751483937725424,0.0,0.24475877914577723,-0.5381343092257157,-0.3157742961193435,0.2197077786421869,0.0,-0.040972111681476235,-0.07219996002968401,0.025283172437921168,"(0, 1, 0)"
0.09289228246314452,-0.1429201978771016,0.026193385918159038,-0.12327216342440807,-0.02336170821916312,-0.03390062828548253,-0.4125866651441902,0.0,-0.019214282088214532,-0.01475189499091357,-0.05249043792602606,0.025267800684086978,-0.37410556798335165,-0.027059122333303095,0.0,-1.3189721042523161,0.1489959468739107,1.0630611909367145,-0.5219321302068419,0.0,-0.07913787057856098,-0.05122362175490707,0.030952613865956664,"(1, 0, 1)"
0.003330518053844571,0.26104269637260585,0.011639503024052828,-0.9486660237715114,-0.017247226354666054,-0.03804634294472635,0.053437899472774004,0.0,0.14663100579753519,0.17229038640274666,-0.0014474546606652438,0.01463855750625953,-0.07229818941326811,-0.01513426105491817,0.0,0.2463564321026206,0.2574541007587686,-0.31102918727323414,0.5175274459226057,0.0,-0.016720124965067952,0.03703195421490818,-0.07166126823984087,"(0, 0, 0)"
-0.007115105073899031,-0.16459422249812633,0.03743608827469871,0.1092764481913764,-0.021381276873871684,-0.06944273106753826,0.1288974559889175,0.0,-0.07860822403803468,-0.011349704111926257,-0.04520627968944609,0.022472950257360937,-0.24644216329324992,0.03720094277523458,0.0,0.25606833269353957,-0.3142728718183935,-0.32495237831491974,-0.7989887250028551,0.0,-0.13768113006604835,0.042555112773552534,-0.04391997697763145,"(0, 1, 0)"
-0.026221456094644963,-0.12674573843367398,0.03885111872805282,0.4614388249046169,0.17508231615182013,-0.06142570802010596,-0.42028823083499445,0.0,-0.08341799821238965,-0.011722803185693919,-0.027182363825850188,0.0009820243949070573,-0.43570578390266745,0.036732168784365055,0.0,0.2697204641858116,0.16541021830867975,-0.28957909857388586,-0.7009775443631224,0.0,-0.04743648142088205,-0.05394123186357319,-0.007138560991734266,"(0, 0, 0)"
-0.010067544337362051,0.1389719504211098,-0.0031351641356013715,0.25535315076936965,-0.017247226354666054,-0.04285218539647758,0.0005508288717828692,0.0,-0.06600935412338003,-0.04946528763510287,-0.028684005024842918,0.02632332798326388,-0.10814413120271638,-0.014751483937725424,0.0,0.25479554805904625,0.27372181283775715,-0.2634054290887434,0.5373576489975675,0.0,0.002064560665749013,-0.03438899820204824,-0.07166126823984087,"(0, 0, 0)"
-0.00918614586815238,-0.19513829325325788,0.027338938273023815,0.15748794036684557,-0.01873629279434681,-0.04430699151940644,0.09330476854462176,0.0,-0.06741034505772404,-0.011453931056894361,-0.013317369116703049,0.0326637018006295,-0.09551249311538414,-0.01513426105491817,0.0,0.2516181995347142,0.3069288706826046,-0.2978209064900875,0.47163853532751093,0.0,-0.004814417148008942,-0.09527640948072076,-0.0718944854196161,"(0, 0, 0)"
-0.010807790190447121,-0.2261320124892518,-0.05055693935370073,-0.21408775945077652,-0.01842207372188568,-0.03802893145009875,-0.0014319187647197395,0.0,0.0032141585240606217,0.01201500569935888,0.0657036874734331,-0.019313464576844127,-0.0823507282254286,-0.012502822848036886,0.0,0.2562082880968228,0.17865446631330997,0.9013271506503224,0.5390887043636758,0.0,-0.04754631788935512,-0.04346589844208211,0.027014055363833903,"(0, 0, 1)"
-0.006599339824169874,-0.23784530973527582,0.019951830211794003,-0.1744918490992859,-0.01842207372188568,-0.06516282223165035,0.09748720436822624,0.0,0.0014805369812529534,0.016328377234749496,0.09805058178841136,0.034960954440757634,-0.06381395582575351,-0.01513426105491817,0.0,0.2516113294893876,0.17112716222647578,1.062501196314115,0.4103308898175601,0.0,0.05383303750073537,-0.08635581955313683,-0.06184088583569974,"(0, 0, 1)"
-0.0006976899551227689,0.017021795297041536,0.037320134474430236,0.23029914074228144,-0.018172768345102668,-0.049414605274796485,0.06948894137283787,0.0,0.1208196472004056,-0.0478295186907053,0.04814921913901344,0.04879507710691541,-0.06066804765956477,0.05458089957945049,0.0,-1.2743029322475194,0.22482186946086585,-0.35205846338532865,-0.9898361967713573,0.0,-0.10147398465313018,0.05721052114386112,-0.03604254824109376,"(1, 0, 0)"
0.0007849313970655203,-0.08281056222505867,0.04237275069579482,0.47330340211745353,-0.027270019198767842,-0.05992012837901711,-0.4328404504200444,0.0,0.006119201882975176,-0.07429618666879832,0.03502979809883982,-0.008775615887716413,-0.01934597304556519,0.03579742672853172,0.0,0.2657295033475384,-0.4543445094348863,-0.3524874310102314,-0.7859294452180621,0.0,-0.025451816557906567,0.033724968419410285,-0.01146642202977091,"(0, 1, 0)"
-0.02056696021463722,-0.08123035642318427,0.024274803677108138,0.3001039058307651,-0.02187927738763392,0.89612842367962,0.3979500079737045,0.0,-0.022596418058965353,0.02677777914679609,0.10965470570372418,-0.005678289192728698,0.386864235366229,0.10290106665343046,0.0,0.2595822498621419,-0.38674767818767575,-0.34343803422991187,-0.9860828950451105,0.0,0.152688299913425,0.030587176363915204,-0.12212381538469344,"(0, 1, 0)"
0.0755035542557016,0.03682965300278738,0.019529287910554558,-1.0020735026674812,-0.022443212675862013,-0.006694771819747984,0.06321663732058369,0.0,0.002268248616019264,0.0115807882277295,-0.5350061690865551,-0.045955236696172505,0.4753560516284779,-0.048222946980968115,0.0,0.22631488183513285,-0.5814242222392931,-0.1520099945552647,-0.5408912834440707,0.0,0.39514824017416683,-0.005494216256774962,0.0261480325832963,"(0, 1, 0)"
-0.0009995321673341095,0.10329808897804468,0.009428662296850234,-0.11499037357862107,-0.027235097279772164,-0.024764625625684857,0.11273690433939919,0.0,0.04935863764374517,-0.015436714491806924,-0.020433611082844437,0.0125968660088256,0.1648564581410028,-0.025152113242074847,0.0,-1.3750759024824948,0.1817388095986098,-0.33054185352288185,0.4969727531715762,0.0,0.07271554961334914,-0.023056124071590602,0.3197338689584285,"(1, 0, 0)"
